mz,charge,rt_s,mobility,sequence
714.9101701195041,2,1176.269,1.0753287,GVMLAVDAVIAELK/2
751.3790922129621,3,1170.321,1.0032445,DGPLNMILDDGGDLTNLIHTK/3
995.511704898004,2,1159.911,1.2465591,NLDLAVLELMQSSVDNTK/2
915.9745613395041,2,1167.347,1.1496296,GIDQC[UNIMOD:4]IPLFVEAALER/2
880.021837529504,2,1206.012,1.1578041,GALQYLVPILTQTLTK/2
980.0148489225039,2,1201.551,1.2097845,MMAIAPNVTVMVGELVGAR/2
708.412284932629,3,1190.398,1.0014361,GIFEALRPLETLPVEGLIR/3
476.94253890196234,3,1176.269,0.8325158,GVMLAVDAVIAELK/3
587.0169838419623,3,1206.012,0.88067144,GALQYLVPILTQTLTK/3
636.6671917169624,3,1158.424,0.96477824,LAMQEFMILPVGAANFR/3
994.558458170004,2,1162.141,1.235122,IGC[UNIMOD:4]LLSGGLDSSLVAATLLK/2
906.001102038504,2,1208.986,1.201925,NAPAIIFIDELDAIAPK/2
694.0126267162956,3,1207.499,0.9523184,FFPEDVSEELIQEITQR/3
867.9748872795042,2,1165.859,1.1259549,LTSLVPFVDAFQLER/2
812.1111113002954,3,1199.32,1.0264207,DDQVTVIGAGVTLHEALAAAELLK/3
662.3209155939624,3,1185.936,0.9591355,HNIMDFAMPYFIQVMK/3
735.3755650602957,3,1210.474,0.995505,STAISLFYELSENDLNFIK/3
660.6713245002957,3,1214.192,0.97680163,VPSTEAEALASSLMGLFEK/3
974.010809444504,2,1215.679,1.2171757,AFMTADLPNELIELLEK/2
950.519993277004,2,1190.398,1.2000234,GPFLVSAPLSTIINWER/2
991.5025287670042,2,768.042,1.1926885,TVTNAVVTVPAYFNDSQR/2
942.5072798320041,2,768.786,1.2333835,GLQAQIASSGLTVEVDAPK/2
770.7360444789623,3,751.684,0.98262376,ADLLLSTQPGREEGSPLELER/3
772.4107266999623,3,767.297,0.98307943,DGNVLLHEMQIQHPTASLIAK/3
933.4858161590041,2,759.863,1.1849434,QYEQQTYQVIPEVIK/2
976.526003931004,2,758.376,1.2022358,ALQAAIQQLAEAQPEATAK/2
886.4668950840041,2,775.477,1.1457895,LVYLVENPGGYVAYSK/2
945.4313460610042,2,759.119,1.1595782,AMADPEVQQIMSDPAMR/2
913.4757827060041,2,777.708,1.143273,TSVLAAANPIESQWNPK/2
887.467760721004,2,759.863,1.1479591,QFASQANVVGPWIQTK/2
776.3804853210041,2,760.606,1.0558783,GQFSTDELVAEVEK/2
401.90212644962895,3,752.427,0.73327816,IAVMELFRPK/3
934.442759635004,2,750.94,1.1555825,IMYDLTSKPPGTTEWE/2
889.461286781004,2,768.042,1.1489352,EANSIIITPGYGLC[UNIMOD:4]AAK/2
792.9408475005041,2,774.733,1.0798016,AVFQANQENLPILK/2
766.4457656850041,2,766.554,1.065033,VLALPEPSPAAPTLR/2
856.4001749570041,2,758.376,1.1005133,TTQIPQWC[UNIMOD:4]VEYMR/2
877.488358798004,2,774.733,1.1320068,VDQIQEIVTGNPTVIK/2
834.919974606504,2,765.067,1.0577681,VDVEVPDVSLEGPEGK/2
815.956163184504,2,752.427,1.0874987,YVVVTGITPTPLGEGK/2
821.889008856504,2,805.22,1.0815258,DPVQEAWAEDVDLR/2
818.9488694495041,2,803.732,1.074723,GVNLPGAAVDLPAVSEK/2
718.8878866455042,2,785.887,1.0641445,QFLFRPWDVTK/2
422.9187221419624,3,795.552,0.77170634,SQLDIIIHSLK/3
890.441605523004,2,815.63,1.1595916,GADFLVTEVENGGSLGSK/2
490.2479623599624,3,808.937,0.8568901,FYTLIPHDFGMK/3
442.25388188929577,3,790.347,0.7820243,EASIDILHSIVK/3
824.8724931175041,2,817.117,1.0923486,FGYVDFESAEDLEK/2
844.4543190350039,2,797.04,1.112959,IINEPTAAAIAYGLDR/2
881.4727087340041,2,791.835,1.1583877,VLAQNSGFDLQETLVK/2
926.4720483950041,2,791.835,1.175506,SLVEASSSGVSVLSLC[UNIMOD:4]EK/2
955.4969120930041,2,785.143,1.172854,VLAGETLSVNDPPDVLDR/2
941.4743941570041,2,779.938,1.168677,VTYC[UNIMOD:4]PTEPGNYIINIK/2
883.975418565504,2,807.45,1.1620344,APLNVQFNSPLPGDAVK/2
427.90056264962897,3,800.014,0.7562591,ISMPDLDLHLK/3
781.343902817004,2,788.86,1.0621902,GFGFVDFNSEEDAK/2
789.3731782729623,3,799.271,0.97803617,TVYGGGC[UNIMOD:4]SEMLMAHAVTQLANR/3
801.4138052240041,2,793.322,1.081167,AVLVDLEPGTMDSVR/2
787.414662544004,2,796.296,1.0769677,NIYVLQELDNPGAK/2
971.9606937965041,2,794.065,1.1765099,TSIDAYDNFDNISLAQR/2
969.512562160004,2,723.427,1.3118843,DAGEGLLAVQITDPEGKPK/2
423.22867928296233,3,721.94,0.7574021,ISMPDVDLHLK/3
987.509299620004,2,728.633,1.1933213,LVQAAQMLQSDPYSVPAR/2
893.452504638004,2,731.608,1.1452304,EEEAIQLDGLNASQIR/2
763.367043635004,2,739.043,1.0543419,EEASDYLELDTIK/2
834.400894799004,2,734.582,1.1287299,NVQAEEMVEFSSGLK/2
982.9853229795041,2,733.095,1.1849878,AESLIGVYPEQGDC[UNIMOD:4]VISK/2
748.364115402004,2,740.53,1.062763,GLELIASENFC[UNIMOD:4]SR/2
916.9548800555042,2,722.684,1.1294653,VVVAENFDEIVNNENK/2
910.4483763400041,2,737.556,1.135707,FEVQGLQPNGEEMTLK/2
739.8779128765041,2,724.914,1.0713305,ESLVVNYEDLAAR/2
580.9808211979624,3,722.684,0.8538691,LSFQHDPETSVLVLR/3
739.8795982875041,2,728.633,1.0549817,QDLMNIAGTTLSSK/2
841.417599093004,2,726.402,1.0803391,VDVDVPDVNIEGPDAK/2
906.427640907004,2,733.839,1.1314635,NLFEDQNTLTSIC[UNIMOD:4]EK/2
871.4099710410042,2,747.966,1.1328624,ETTDTDTADQVIASFK/2
856.392546875004,2,716.736,1.1290553,DPETLVGYSMVGC[UNIMOD:4]QR/2
783.4032405200039,2,736.813,1.0687555,MGFTEVTPVTGASLR/2
681.393001816004,2,747.966,1.0478593,VPDVLVADPPIAR/2
593.3209549122956,3,720.453,0.9084969,QLYHLGVVEAYSGLTK/3
959.020023088504,2,876.607,1.1841357,GSYGDLGGPIITTQVTIPK/2
833.411262553004,2,883.299,1.1079613,FDEILEASDGIMVAR/2
882.4352689410041,2,860.249,1.1426092,SGC[UNIMOD:4]IVNNLAEFTVDPK/2
983.9749552185041,2,888.504,1.1767696,VLNNMEIGTSLFDEEGAK/2
789.7571142619623,3,878.094,0.99885243,FENAFLSHVVSQHQALLGTIR/3
518.9484640252957,3,874.376,0.7959467,SLHDALC[UNIMOD:4]VLAQTVK/3
817.895779646504,2,877.35,1.0731558,ASEWVQQVSGLMDGK/2
689.4037894309622,3,889.247,0.930068,LTSADALRPSVVSITGPLIR/3
997.0009730065041,2,893.709,1.2005401,LGVC[UNIMOD:4]FDVPTASVTEIQEK/2
593.3401265449623,3,868.428,0.9114128,EIRPALELLEPIEQK/3
764.9115587305041,2,870.658,1.1151311,DPILFPSFIHSQK/2
863.952140455504,2,884.786,1.0952222,DGSIDLVINLPNNNTK/2
842.9561716065039,2,857.275,1.1592033,AAVEEGIVLGGGC[UNIMOD:4]ALLR/2
836.925728719504,2,869.915,1.1021382,NFINNPLAQADWAAK/2
804.4141396090042,2,857.275,1.0813754,YNVLGAETVLNQMR/2
834.4190876130041,2,869.172,1.1248327,ESC[UNIMOD:4]LEAYTGIVQGLK/2
752.411922938004,2,889.247,1.0714324,LYDNLLEQNLIR/2
811.971813244504,2,881.811,1.158372,VVVQVLAEEPEAVLK/2
975.498066217004,2,872.889,1.1762471,LLAVAIGADC[UNIMOD:4]TYPELTDK/2
709.3442705089624,3,877.35,0.9726111,NMDPLNDNIATLLHQSSDK/3
944.489224427004,2,611.885,1.1788447,VTHAVVTVPAYFNDAQR/2
444.56406197362895,3,636.426,0.79023933,LALDMEIHAYR/3
679.0202936252957,3,623.043,0.91089326,SVVLMSHLGRPDGVPMPDK/3
922.4390628130042,2,637.17,1.1219865,TAESQTPTPSATSFFSGK/2
924.4021460470041,2,625.274,1.135986,NPDDITQEEYGEFYK/2
918.970530167504,2,610.398,1.1483593,SQIFSTASDNQPTVTIK/2
906.4785223600041,2,619.321,1.1433045,QGAIVAVTGDGVNDSPALK/2
789.9008650515042,2,631.965,1.0838003,AIANEC[UNIMOD:4]QANFISIK/2
625.3392314269623,3,604.449,0.9189869,REPWLLPSQHNDIIR/3
834.3866333470041,2,631.965,1.1006505,WVVIGDENYGEGSSR/2
959.497443439004,2,618.578,1.2478904,TLTGTAALTVQSQEDNLR/2
754.8925086765041,2,631.222,1.0818694,RTEMENEFVLIK/2
829.9284683705041,2,618.578,1.1055045,NQVALNPQNTVFDAK/2
530.275457048629,3,639.401,0.83478427,FLGVAEQLHNEGFK/3
794.9095473395041,2,639.401,1.1118408,FLGVAEQLHNEGFK/2
412.8839004019624,3,619.321,0.7386246,APFDLFENRK/3
924.9761469035041,2,614.117,1.1585106,VFSDEVQQQAQLSTIR/2
942.926950794504,2,605.193,1.1514921,MQEVVANLQYDDGSGMK/2
751.9017222895039,2,601.475,1.0506722,VNQPASFAVSLNGAK/2
942.964913426504,2,635.683,1.1838349,SVPTSTVFYPSDGVATEK/2
439.22867928296233,3,829.758,0.7741621,ISMPDFDLHLK/3
982.5131933120042,2,852.813,1.1861795,TSGVVTSC[UNIMOD:4]TGVLPQLSMVK/2
607.9769708742956,3,834.965,0.94357365,RFDEILEASDGIMVAR/3
891.4078625990041,2,845.377,1.1167511,DC[UNIMOD:4]EEC[UNIMOD:4]IQLEPTFIK/2
815.4353979860041,2,818.604,1.1078892,HELLQPFNVLYEK/2
998.9891168905042,2,830.501,1.1925062,ELTTEIDNNIEQISSYK/2
936.5016631080041,2,845.377,1.1877462,TSSAETPTIPLGSAVEAIK/2
831.877055535504,2,823.809,1.0671132,GFGFVC[UNIMOD:4]FSSPEEATK/2
801.3794311190042,2,837.939,1.0815599,C[UNIMOD:4]EFQDAYVLLSEK/2
419.22538062962894,3,831.245,0.76306975,WMALESILHR/3
782.416870882004,2,833.475,1.1110963,EEYAVLISEAQAIK/2
696.7006059589622,3,849.838,0.9566404,EAEAAIYHLQLFEELRR/3
916.433880364004,2,829.758,1.1303335,IAVYSC[UNIMOD:4]PFDGMITETK/2
872.4585471350041,2,844.633,1.1299561,LIQQVAQEIWVC[UNIMOD:4]EK/2
488.59289756362904,3,823.066,0.81937003,RVDIIPGFEFDR/3
804.4124541630042,2,840.915,1.0632614,GFQEVVTPNIFNSR/2
913.4813994270039,2,855.787,1.1334409,APGEQTVPALNLQNAFR/2
921.434934618004,2,846.864,1.1498588,EEFAIMQTPAGELYDK/2
734.3831654080041,2,843.889,1.065058,GTQGVVTNFEIFR/2
514.9524258139623,3,855.787,0.81913084,LGFHLPLEVAYQR/3
964.429857636004,2,572.476,1.176572,MMDYLQGSGETPQTDVR/2
944.3975919630041,2,555.374,1.1425428,AADEEAFEDNSEEYIR/2
710.306897289004,2,562.066,1.0530136,EDAMAMVDHC[UNIMOD:4]LK/2
797.8850775685041,2,569.502,1.0798197,ETVSEESNVLC[UNIMOD:4]LSK/2
862.926122680504,2,588.09,1.1030824,EEIQSSISGVTAAYNR/2
894.457067036004,2,599.244,1.123132,AIGVLTSGGDAQGMNAAVR/2
616.6525987282957,3,563.554,0.85288036,YESLELC[UNIMOD:4]RPVLQQGR/3
739.8884775495042,2,563.554,1.0515704,ETLLNSATTSLNSK/2
407.911567545629,3,586.603,0.7984746,TPLHEIALSIK/3
932.420150238004,2,577.681,1.1324191,NYMSNPSYNYEIVNR/2
825.4012291320041,2,587.346,1.0899944,NQVAMNPTNTVFDAK/2
677.8824669255041,2,578.424,1.0444018,LVPGGGATEIELAK/2
937.9419696765042,2,598.5,1.144011,NASTFEDVTQVSSAYQK/2
920.900598639504,2,591.065,1.1425999,EAVC[UNIMOD:4]IVLSDDTC[UNIMOD:4]SDEK/2
878.954160284504,2,562.81,1.1146411,LAQQQAALLMQQEER/2
989.4763140380041,2,582.142,1.1873701,HPVTGQFLYQDSNWASK/2
870.959965469504,2,550.912,1.1234108,VSHVSTGGGASLELLEGK/2
944.4683516670041,2,586.603,1.1472919,EIEELQSQAQALSQEGK/2
439.92235514429575,3,590.321,0.746557,LDLIHESILHK/3
912.4623410140041,2,594.039,1.159638,ELQELVQYPVEHPDK/2
805.934176574504,2,1031.268,1.1113445,YFLVGAGAIGC[UNIMOD:4]ELLK/2
876.9398528055041,2,1044.652,1.139682,VGEVTYVELLMDAEGK/2
514.9543835372956,3,1019.371,0.8262178,GVDEVTIVNILTNR/3
707.9188524985041,2,1034.242,1.0799735,IVILPDYLEIAR/2
956.980563580504,2,1029.037,1.186387,LGGSLADSYLDEGFLLDK/2
973.9820520405042,2,1031.268,1.194635,IAQDLEMYGINYFEIK/2
872.9776269545041,2,1025.32,1.1501591,GVLLEIEDLQVNQFK/2
830.451245011004,2,1078.114,1.1604449,ATSFLLALEPELEAR/2
854.9306767265041,2,1035.729,1.138248,EFNEDGALAVLQQFK/2
755.9512152335042,2,1023.089,1.087548,NVIVLQTVLQEVR/2
929.4743941280042,2,1071.421,1.171005,MSATFIGNSTAIQELFK/2
967.025108408504,2,1054.318,1.2172725,AAVATFLQSVQVPEFTPK/2
929.472382758004,2,1019.371,1.1287591,GEETPVIVGSALC[UNIMOD:4]ALEGR/2
898.468580488004,2,1065.472,1.157747,GQELIYAGMPITEVFK/2
641.9988299269625,3,1046.882,0.9663638,LAMQEFM[UNIMOD:35]ILPVGAANFR/3
959.494272309004,2,1084.062,1.1807474,VDYIMQLPVPMDAALNK/2
858.435594911004,2,1060.267,1.1107153,LTEVSISSDAFFPFR/2
950.011478128504,2,1020.115,1.1774566,LFVSDGVPGC[UNIMOD:4]LPVLAAAGR/2
809.4697721450041,2,1029.781,1.099324,LALLLSQFVGSQSVR/2
778.4368864230041,2,1045.395,1.0697795,LAVVDPLFGMQPIR/2
593.654045472629,3,965.091,0.9225425,HSQFIGYPITLFVEK/3
456.93811666662896,3,976.988,0.811029,EGGFLLLHTLLR/3
945.9689446475041,2,971.783,1.1898617,IAQDLEMYGVNYFSIK/2
884.9723529865039,2,943.528,1.1392184,AC[UNIMOD:4]ANPAAGSVILLENLR/2
903.9910686815041,2,974.014,1.1601791,NAQLAQYNFILVVGEK/2
889.9774299755042,2,964.348,1.1365259,HSQFIGYPITLFVEK/2
626.3279587212959,3,957.655,0.90577096,AGKPVIC[UNIMOD:4]ATQMLESMIK/3
838.958902889504,2,954.681,1.1751835,YEILQSVDDAAIVIK/2
988.484001701004,2,942.041,1.1775287,DDVAQTDLLQIDPNFGSK/2
689.6460609279625,3,968.81,0.9402818,DDDSNFHMDFIVAASNLR/3
830.4512449930041,2,963.604,1.1164107,ALTVPELTQQVFDAK/2
595.3115138382956,3,961.374,0.864871,LRPLYDIPYMFEAR/3
540.9500278232957,3,966.579,0.8144232,LHFFMPGFAPLTSR/3
985.0433012205041,2,968.81,1.1886503,IGPYQPNVPVGIDYVIPK/2
908.014740741504,2,965.091,1.1592774,TVGALQVLGTEAQSSLLK/2
644.666902275629,3,959.887,0.9239455,EAEAAIYHLQLFEELR/3
938.9882998485043,2,956.912,1.20421,AGKPVIC[UNIMOD:4]ATQMLESMIK/2
955.4674859400039,2,951.707,1.1847812,EFLLSLDDSVDETEAVK/2
826.4381376550041,2,943.528,1.1081543,AAQAPSSFQLLYDLK/2
966.496715180004,2,959.142,1.232642,EAEAAIYHLQLFEELR/2
716.0565067269623,3,514.474,0.93502975,AHVIVMAATNRPNSIDPALR/3
877.8971391155039,2,510.013,1.1004841,GC[UNIMOD:4]ITIIGGGDTATC[UNIMOD:4]C[UNIMOD:4]AK/2
917.8810548115041,2,521.167,1.112744,YDAFGEDSSSAMGVENR/2
775.8557888275042,2,518.936,1.063419,YYTSASGDEMVSLK/2
817.414336564004,2,541.987,1.083109,VNQIGSVTESLQAC[UNIMOD:4]K/2
733.4097145450039,2,525.628,1.0591142,AQIHDLVLVGGSTR/2
839.4075657380041,2,536.038,1.0955421,NQLTSNPENTVFDAK/2
478.9259937199622,3,506.295,0.83086765,AGNNMLLVGVHGPR/3
808.899376599504,2,495.14,1.0967957,QPAENVNQYLTDPK/2
421.22403409096233,3,504.806,0.77839994,LVNHFVEEFK/3
832.8828692195041,2,532.32,1.0603715,MDATANDVPSPYEVR/2
818.859591111504,2,507.782,1.067337,VDINTEDLEDGTC[UNIMOD:4]R/2
904.954880100504,2,542.73,1.1345373,SQVFSTAADGQTQVEIK/2
746.3772227530042,2,530.833,1.0461538,TALINSTGEEVAMR/2
841.3779510160041,2,498.858,1.0636954,SWVNQMESQTGEASK/2
486.24041245796235,3,547.194,0.80369645,TPELNLDQFHDK/3
807.4157252140042,2,494.396,1.075849,EDGLAQQQTQLNLR/2
542.933870996629,3,530.833,0.84174234,GPSLNPVLDYDHGSR/3
763.3882591730041,2,495.14,1.112549,LAQANGWGVMVSHR/2
755.3884478100041,2,514.474,1.056078,NNAYLAQSPQLYK/2
977.535840276004,2,645.349,1.2216977,VAPEEHPVLLTEAPLNPK/2
796.896114040504,2,658.735,1.0785699,SAYALGGLGSGIC[UNIMOD:4]PNR/2
960.5072798360042,2,661.709,1.1722083,LSGSNPYTTVTPQIINSK/2
688.9992687599623,3,669.145,0.9645601,RAEDGSVIDYELIDQDAR/3
914.911923501504,2,682.533,1.1501458,LLTEC[UNIMOD:4]PPMMDTEYTK/2
971.932953025504,2,655.76,1.1855228,ETVYC[UNIMOD:4]LNDDDETEVLK/2
960.9633362885041,2,649.811,1.1612276,QVMVVPVGPTC[UNIMOD:4]DEYAQK/2
985.015469004504,2,669.145,1.3105335,DAGEGLLAVQITDQEGKPK/2
828.399209424004,2,649.067,1.0842472,YDGQVAVFGSDLQEK/2
900.4061855650039,2,678.811,1.1380016,MTNGFSGADLTEIC[UNIMOD:4]QR/2
828.3450653210042,2,678.811,1.0721443,LFGNMEGDC[UNIMOD:4]PSDWK/2
617.9601971602957,3,649.811,0.89069045,RGFGFVTFDDHDPVDK/3
652.0263190062957,3,649.067,0.94416106,VAPEEHPVLLTEAPLNPK/3
868.446690938004,2,680.302,1.1212881,GSNNVALGYDEGSIIVK/2
986.018346060504,2,681.789,1.2357814,LASTLVHLGEYQAAVDGAR/2
926.4683516010039,2,660.965,1.168767,VALVNDSLSDVTSTTSSR/2
841.8825348745041,2,653.529,1.0701832,DENSVELTMAEGPYK/2
940.9113007465041,2,658.735,1.1421648,SAYDSTMETMNYAQIR/2
538.5973254262957,3,681.046,0.88073605,MGPLGLDHMASSIER/3
482.2115768459624,3,646.093,0.77061605,GFC[UNIMOD:4]FLEYEDHK/3
741.407171856004,2,481.755,1.057985,SQIHDIVLVGGSTR/2
791.3372402800042,2,468.37,1.0769482,DFTVSAMHGDMDQK/2
755.844070029504,2,443.088,1.0710294,FNLTYVSHDGDDK/2
752.3993468090041,2,433.422,1.0857648,GISHVIVDEIHER/2
968.4663402250039,2,482.498,1.1572361,GSSGVGLTAAVTTDQETGER/2
760.8396158025041,2,450.524,1.0478644,EC[UNIMOD:4]VLPGGETAGDMGK/2
873.449430567004,2,443.088,1.1368707,LSQVSDSVSGQTVVDPK/2
795.386298983004,2,445.319,1.0627064,GNDTPLALESTNTEK/2
811.8643421415039,2,452.754,1.068449,VDIQTEDLEDGTC[UNIMOD:4]K/2
825.8843576475041,2,473.575,1.082492,THMVVANTMEDFQK/2
751.8872262855042,2,434.166,1.0892946,FVPAEMGTHTVSVK/2
833.3986864470041,2,457.217,1.0949454,NQVAM[UNIMOD:35]NPTNTVFDAK/2
907.480730662004,2,485.473,1.1466678,VVVDPVVTEQPSTSSAAK/2
881.896893476504,2,472.088,1.1018367,IDEAESLNDEELEEK/2
928.4060481250041,2,437.14,1.1278191,NAEVTGTMSQDTEVDMK/2
826.3726686880041,2,470.601,1.0702096,FESLEPEMNNQASR/2
729.004136820629,3,482.498,0.956072,LESEMEDAYHEHQANLLR/3
765.8317908105041,2,480.267,1.0499157,MLTAQDMSYDEAR/2
828.907398565504,2,447.55,1.1430391,EALLSSAVDHGSDEVK/2
777.878975486504,2,447.55,1.0530473,QSSATSSFGGLGGGSVR/2
491.6011757439624,3,219.274,0.828872,RKPDTIEVQQMK/3
971.494180913004,2,239.35,1.158477,VMQQQQQTTQQQLPQK/2
465.916151733629,3,231.914,0.7839212,QSVENDIHGLRK/3
456.90413467796225,3,175.404,0.7700103,NNRPSEGPLQTR/3
741.8502180475041,2,221.505,1.0727372,DLAEVGEGGGHSQAR/2
942.4553816190041,2,258.682,1.2166766,LNFSHGTHEYHAETIK/2
434.21794217462894,3,228.94,0.79572964,DREEALHQFR/3
412.9030720299623,3,235.632,0.78721815,VSQEHPVVLTK/3
626.9854053999624,3,246.041,0.9038594,LLETTDRPDGHQNNLR/3
735.9962525216291,3,175.404,0.9433829,SDAEEDGGTVSQEEEDRKPK/3
783.8657307135039,2,189.531,1.0468203,AEGSSTASSGSQLAEGK/2
736.8981253825042,2,217.787,1.0405606,RKPDTIEVQQMK/2
592.9493037346291,3,184.327,0.8985953,IHEGC[UNIMOD:4]EEPATHNALAK/3
433.89457656296236,3,248.273,0.7871882,HRPELIEYDK/3
517.2222585829624,3,234.888,0.8283591,LFQEC[UNIMOD:4]C[UNIMOD:4]PHSTDR/3
828.8439410515041,2,236.375,1.044953,IEYNDQNDGSC[UNIMOD:4]DVK/2
436.88960262329573,3,167.967,0.7711327,NKYEDEINKR/3
458.22236443196243,3,185.07,0.77809715,KGDEC[UNIMOD:4]ELLGHSK/3
590.9266105479624,3,150.864,0.86666745,HYAHTDC[UNIMOD:4]PGHADYVK/3
496.24550343796227,3,254.964,0.83778995,RDPHLAC[UNIMOD:4]VAYER/3
819.4561333910041,2,1128.678,1.1161265,AFAISGPFNVQFLVK/2
746.423247669004,2,1148.757,1.0655725,MFGIPVVVAVNAFK/2
834.453787685004,2,1110.831,1.1015298,LGFAGLVQEISFGTTK/2
942.009655384504,2,1090.011,1.1564196,ILAIGLINEALDEGDAQK/2
955.0012989495041,2,1095.217,1.1840528,SLVASLAEPDFVVTDFAK/2
740.7230762702957,3,1156.193,1.005655,ALLELQLEPEELYQTFQR/3
563.6613114986291,3,1144.293,0.8836706,AIGPHDVLATLLNNLK/3
550.9978121952956,3,1132.396,0.856406,SALSGHLETVILGLLK/3
708.3807674932958,3,1090.755,0.9868711,VQHQDALQISDVVMASLLR/3
952.0303908275039,2,1090.755,1.193616,SNLAYDIVQLPTGLTGIK/2
864.446593802004,2,1123.471,1.1373315,VNEMIIGGGMAFTFLK/2
998.0309221215041,2,1148.014,1.2220366,ESWLLPGSNDLLLEVGPR/2
971.5249496980041,2,1110.088,1.170027,LNIISNLDC[UNIMOD:4]VNEVIGIR/2
881.972344630504,2,1129.422,1.1537805,YGALALQEIFDGIQPK/2
965.5358403120039,2,1124.96,1.2185348,EPLFGISTGNLITGLAAGAK/2
806.9270714125041,2,1087.037,1.1205516,ESYVETELIFALAK/2
829.959237200504,2,1122.728,1.0958611,AAVENLPTFLVELSR/2
783.3620955942957,3,1153.962,1.0177253,DASIVGFFDDSFSEAHSEFLK/3
935.4925868810042,2,1133.883,1.1762521,MAVTFIGNSTAIQELFK/2
486.26466947596236,3,1090.755,0.80017406,DALSDLALHFLNK/3
911.9650592855039,2,377.655,1.1311657,EIVHLQAGQC[UNIMOD:4]GNQIGAK/2
911.9650592855039,2,377.655,1.1311657,EIVHIQAGQC[UNIMOD:4]GNQIGAK/2
876.9348133755041,2,388.064,1.1766967,NSNLVGAAHEELQQSR/2
921.912354999504,2,402.935,1.121185,TGIEQGSDAGYLC[UNIMOD:4]ESQK/2
784.8888118805041,2,367.988,1.0444158,QAVTNPNNTFYATK/2
826.933750716504,2,390.295,1.0695676,VTAQGPGLEPSGNIANK/2
970.9501886225041,2,393.269,1.1679418,SSLGQSASETEEDTVSVSK/2
934.4249096230039,2,420.037,1.1265311,SPYTVTVGQAC[UNIMOD:4]NPSAC[UNIMOD:4]R/2
890.902844498504,2,411.858,1.0911255,TDYNASVSVPDSSGPER/2
807.8479721905042,2,371.706,1.056432,QC[UNIMOD:4]C[UNIMOD:4]GTDGVEANYIK/2
959.412187776004,2,408.884,1.1812336,TYDATTHFETTC[UNIMOD:4]DDIK/2
835.8808494815042,2,370.219,1.0664504,EQGPYETYEGSPVSK/2
758.885737929504,2,414.089,1.1091212,LLEGEDAHLTQYK/2
922.9548800925041,2,428.962,1.174467,LSLEGDHSTPPSAYGSVK/2
672.3166338700041,2,405.166,1.0213279,HEAMITDLEER/2
758.3782174380042,2,391.039,1.075968,IWHHTFYNELR/2
737.399012491004,2,428.962,1.0355313,EQQIVIQSSGGLSK/2
505.92123711429576,3,391.039,0.8478083,IWHHTFYNELR/3
588.2655092126291,3,370.219,0.8526576,FAQHGTFEYEYSQR/3
746.8259771315041,2,414.832,1.0355071,MDGTYAC[UNIMOD:4]SYTPVK/2
918.9033758495041,2,301.81,1.1445146,DGQVINETSQHHDDLE/2
801.4012291560042,2,347.912,1.0917677,QVLVAPGNAGTAC[UNIMOD:4]SEK/2
861.3747395950041,2,361.297,1.0858833,TETVEEPMEEEEAAK/2
740.3937300670041,2,308.502,1.0866572,AGGAAVVITEPEHTK/2
506.2390715512958,3,292.144,0.84352267,QEYDESGPSIVHR/3
846.3664292020042,2,295.862,1.0709314,STAGDTHLGGEDFDNR/2
842.351075963004,2,323.374,1.0593922,EEGETADTVGC[UNIMOD:4]C[UNIMOD:4]SLR/2
909.9232455955041,2,327.835,1.117024,LYGSAGPPPTGEEDTAEK/2
404.84863852262896,3,272.067,0.74022454,MDYEDDRLR/3
446.9089971692956,3,352.374,0.8109894,RTLEGELHDLR/3
919.3821388330041,2,333.785,1.1146629,TAENATSGETLEENEAGD/2
732.848632456504,2,274.298,1.0345999,EHDPVGQMVNNPK/2
493.93157886696235,3,308.502,0.8603146,AGGAAVVITEPEHTK/3
460.9209027426289,3,309.99,0.80660444,KLDEAVAEAHLGK/3
709.6744507452958,3,273.554,0.96509033,ILEQEEEEEQAGKPGEPSK/3
479.22817250829576,3,299.58,0.8323776,YELISETGGSHDK/3
517.9993737236915,4,336.759,0.82280296,IMQNTDPHSQEYVEHLK/4
690.3300728092958,3,336.759,0.93139,IMQNTDPHSQEYVEHLK/3
716.9723908372957,3,285.451,0.96528846,EEEEPMDTSSVTHTEHYK/3
838.3689718910041,2,299.58,1.0758885,ATAGDTHLGGEDFDNR/2
586.3226301492956,3,979.962,0.85720915,GFHQVPFAPIVFIER/3
653.6654498759625,3,1010.448,0.97941995,GHYTEGAELVDSVLDVVR/3
899.9647165265039,2,1002.268,1.1534799,LFIGGLSFETTEESLR/2
748.4457657180042,2,1001.525,1.075571,LAQVSPELLLASVR/2
730.361372922629,3,1014.166,0.9855812,GPLLVQDVVFTDEMAHFDR/3
979.9945365805042,2,1009.705,1.1932442,GHYTEGAELVDSVLDVVR/2
970.0178148075042,2,994.089,1.1849517,LLQQVSQIYQSIEFSR/2
924.4061855630041,2,1011.935,1.1370943,SNMDNMFESYINNLR/2
896.9429268245041,2,986.654,1.1309642,LEAELGNMQGLVEDFK/2
459.59060547529566,3,1010.448,0.82774967,ADVFHAYLSLLK/3
869.9359590695041,2,1016.396,1.1108419,EFNEEGALSVLQQFK/2
687.357517041629,3,1000.038,0.9583795,LGGTIDDC[UNIMOD:4]ELVEGLVLTQK/3
784.4563304070039,2,990.372,1.1122391,TIAIIAEGIPEALTR/2
904.459266978004,2,982.936,1.144261,LFVGNLPADITEDEFK/2
932.4432909470039,2,1006.73,1.144431,NDALEMVEETTWQGLK/2
810.9025420535042,2,992.602,1.0810516,ISATSIFFESMPYK/2
789.8774897795041,2,998.551,1.087765,MNTLQAIWMMDPK/2
443.286857313629,3,1015.653,0.7751255,RPLILQLIFSK/3
770.895051347504,2,1018.628,1.0935286,VVIGMDVAASEFFR/2
771.4217592800042,2,1000.782,1.0761923,IWYGTGLTFVSGLK/2
885.4206730950041,2,714.506,1.1027291,GENSWFSTQVDTVATK/2
876.3605780370041,2,704.839,1.1151516,C[UNIMOD:4]DYMDEVTYGELEK/2
973.030725123504,2,684.764,1.1728399,LHIIEVGTPPTGNQPFPK/2
507.75099009594146,4,703.352,0.8222517,VDIDAPDVDVHGPDWHLK/4
500.7522614404415,4,703.352,0.81581897,VDISAPDVDVHGPDWHLK/4
770.9056160785041,2,689.968,1.059442,LGDVISIQPC[UNIMOD:4]PDVK/2
826.4305095390041,2,713.019,1.1124816,TFNTSTGGLLLPSDTK/2
838.9116266635041,2,697.403,1.0908202,NDSVVAGGGAIEMELSK/2
683.0334736112958,3,703.352,0.9164206,VIRPLDQPSSFDATPYIK/3
488.917158304629,3,694.429,0.8289651,ALEHFTDLYDIK/3
814.928134025504,2,713.019,1.0708023,GAGIGGLGITVEGPSESK/2
857.8438522755041,2,700.378,1.0711658,MGGMEGPFGGGMENMGR/2
952.0045699345042,2,689.225,1.1824503,AQTLPTSVVTITSESSPGK/2
640.640470193629,3,688.481,0.8621053,FSHQGVQLIDFSPC[UNIMOD:4]ER/3
541.0006450611916,4,695.173,0.8168354,QEVPSWLENMAYEHHYK/4
905.9283310285042,2,708.557,1.2075185,DLDIIDNYDYSHTVK/2
911.941249845504,2,694.429,1.1349612,GVIQVYDLGQDGQGMSR/2
842.930676715504,2,697.403,1.1396344,VYATILNAGTNTDGFK/2
834.446159600004,2,699.634,1.1064527,EAQAVPATLPELEATK/2
889.4536586710042,2,684.764,1.1215272,LASTNSSVLGADLPSSMK/2
590.3367164112956,3,913.043,0.8885261,ALESPERPFLAILGGAK/3
981.530754994004,2,895.939,1.225736,FIQLLSDQSDQSVLIQK/2
603.6575670592957,3,917.504,0.93184394,HSQFIGYPITLYLEK/3
731.9112244165041,2,894.452,1.0718353,IYVDDGLISLQVK/2
947.4667661430041,2,921.965,1.1802247,MQQQLDEYQELLDIK/2
960.039081519504,2,905.607,1.2014475,ISSIQSIVPALEIANAHR/2
904.9827123555041,2,916.761,1.1463224,HSQFIGYPITLYLEK/2
864.4679577370039,2,904.12,1.1361119,NALLQLTDSQIADVAR/2
956.5014745720039,2,901.145,1.2691264,IIEVVDAIMTTAQSHQR/2
877.4721773850041,2,908.581,1.1220819,EEEVTGPVIAPLFPQK/2
541.9736666336289,3,914.53,0.8433964,LAGTQPLEVLEAVQR/3
962.4597983080041,2,930.144,1.1800046,SFITTDVNPYYDSFVR/2
640.3618131686289,3,906.35,0.9616057,ISSIQSIVPALEIANAHR/3
699.7124000712956,3,911.556,1.0057133,LALVTGGEIASTFDHPELVK/3
758.8695565315041,2,919.735,1.0712786,EYQDAFLFNELK/2
812.4568617170039,2,914.53,1.0932858,LAGTQPLEVLEAVQR/2
956.0511262485041,2,909.324,1.2426296,VLQALGSEPIQYAVPVVK/2
695.0129610599624,3,913.043,0.9763583,HVINFDLPSDIEEYVHR/3
963.4781880130039,2,919.735,1.1796746,WVTTASLLDYDTVAGADK/2
978.990408333504,2,920.478,1.1919417,DAATIMQPYFTSNGLVTK/2
